{
  "best_epoch": 23,
  "peak_cpu_memory_MB": 9643.312,
  "peak_gpu_0_memory_MB": 9109,
  "peak_gpu_1_memory_MB": 2416,
  "training_duration": "9:25:09.342150",
  "training_start_epoch": 0,
  "training_epochs": 23,
  "epoch": 23,
  "training_em": 0.46411941337743157,
  "training_f1": 0.519357384278395,
  "training_loss": 2.141211476680395,
  "training_cpu_memory_MB": 9643.312,
  "training_gpu_0_memory_MB": 9109,
  "training_gpu_1_memory_MB": 2416,
  "validation_em": 0.43613674496644295,
  "validation_f1": 0.4716579278523488,
  "validation_loss": 1938122.8377927742,
  "best_validation_em": 0.43613674496644295,
  "best_validation_f1": 0.4716579278523488,
  "best_validation_loss": 1938122.8377927742
}