{
  "best_epoch": 13,
  "peak_cpu_memory_MB": 9643.08,
  "peak_gpu_0_memory_MB": 9109,
  "peak_gpu_1_memory_MB": 2416,
  "training_duration": "5:31:05.783543",
  "training_start_epoch": 0,
  "training_epochs": 13,
  "epoch": 13,
  "training_em": 0.3841478451339629,
  "training_f1": 0.4349083946211714,
  "training_loss": 2.593903599988688,
  "training_cpu_memory_MB": 9643.08,
  "training_gpu_0_memory_MB": 9109,
  "training_gpu_1_memory_MB": 2416,
  "validation_em": 0.3694421140939597,
  "validation_f1": 0.4027537751677856,
  "validation_loss": 1938122.9847581813,
  "best_validation_em": 0.3694421140939597,
  "best_validation_f1": 0.4027537751677856,
  "best_validation_loss": 1938122.9847581813
}