{
  "best_epoch": 27,
  "peak_cpu_memory_MB": 9643.312,
  "peak_gpu_0_memory_MB": 9109,
  "peak_gpu_1_memory_MB": 2416,
  "training_duration": "11:22:46.495357",
  "training_start_epoch": 0,
  "training_epochs": 28,
  "epoch": 28,
  "training_em": 0.48541421877946533,
  "training_f1": 0.5420343211918079,
  "training_loss": 2.025348079085787,
  "training_cpu_memory_MB": 9643.312,
  "training_gpu_0_memory_MB": 9109,
  "training_gpu_1_memory_MB": 2416,
  "validation_em": 0.44893036912751677,
  "validation_f1": 0.48538276006711417,
  "validation_loss": 1937088.0817078953,
  "best_validation_em": 0.4497692953020134,
  "best_validation_f1": 0.4866442953020135,
  "best_validation_loss": 1936053.318751116
}