{
  "best_epoch": 36,
  "peak_cpu_memory_MB": 9643.732,
  "peak_gpu_0_memory_MB": 9109,
  "peak_gpu_1_memory_MB": 2416,
  "training_duration": "14:55:05.757827",
  "training_start_epoch": 0,
  "training_epochs": 37,
  "epoch": 37,
  "training_em": 0.5133527713709619,
  "training_f1": 0.5698518937580619,
  "training_loss": 1.861647917793068,
  "training_cpu_memory_MB": 9643.732,
  "training_gpu_0_memory_MB": 9109,
  "training_gpu_1_memory_MB": 2416,
  "validation_em": 0.45669043624161076,
  "validation_f1": 0.4923835989932884,
  "validation_loss": 1938122.9130802874,
  "best_validation_em": 0.45658557046979864,
  "best_validation_f1": 0.4927579697986576,
  "best_validation_loss": 1938122.903207466
}