{
  "best_epoch": 19,
  "peak_cpu_memory_MB": 9643.312,
  "peak_gpu_0_memory_MB": 9109,
  "peak_gpu_1_memory_MB": 2416,
  "training_duration": "7:51:38.128045",
  "training_start_epoch": 0,
  "training_epochs": 19,
  "epoch": 19,
  "training_em": 0.4426505359966346,
  "training_f1": 0.49675312241611363,
  "training_loss": 2.2729059901707935,
  "training_cpu_memory_MB": 9643.312,
  "training_gpu_0_memory_MB": 9109,
  "training_gpu_1_memory_MB": 2416,
  "validation_em": 0.4234479865771812,
  "validation_f1": 0.4580442533557045,
  "validation_loss": 1939157.6085696563,
  "best_validation_em": 0.4234479865771812,
  "best_validation_f1": 0.4580442533557045,
  "best_validation_loss": 1939157.6085696563
}