{
  "best_epoch": 49,
  "peak_cpu_memory_MB": 9643.732,
  "peak_gpu_0_memory_MB": 9109,
  "peak_gpu_1_memory_MB": 2416,
  "training_duration": "19:36:23.403646",
  "training_start_epoch": 0,
  "training_epochs": 49,
  "epoch": 49,
  "training_em": 0.5390428942367669,
  "training_f1": 0.5958264792491634,
  "training_loss": 1.7208052492635244,
  "training_cpu_memory_MB": 9643.732,
  "training_gpu_0_memory_MB": 9109,
  "training_gpu_1_memory_MB": 2416,
  "validation_em": 0.4660234899328859,
  "validation_f1": 0.5019295302013423,
  "validation_loss": 1937088.238473987,
  "best_validation_em": 0.4660234899328859,
  "best_validation_f1": 0.5019295302013423,
  "best_validation_loss": 1937088.238473987
}