{
  "best_epoch": 27,
  "peak_cpu_memory_MB": 9643.312,
  "peak_gpu_0_memory_MB": 9109,
  "peak_gpu_1_memory_MB": 2416,
  "training_duration": "10:59:00.526255",
  "training_start_epoch": 0,
  "training_epochs": 27,
  "epoch": 27,
  "training_em": 0.4799309514484239,
  "training_f1": 0.5361473519300176,
  "training_loss": 2.046353867553103,
  "training_cpu_memory_MB": 9643.312,
  "training_gpu_0_memory_MB": 9109,
  "training_gpu_1_memory_MB": 2416,
  "validation_em": 0.4497692953020134,
  "validation_f1": 0.4866442953020135,
  "validation_loss": 1936053.318751116,
  "best_validation_em": 0.4497692953020134,
  "best_validation_f1": 0.4866442953020135,
  "best_validation_loss": 1936053.318751116
}