{
  "best_epoch": 7,
  "peak_cpu_memory_MB": 9642.992,
  "peak_gpu_0_memory_MB": 9105,
  "peak_gpu_1_memory_MB": 2416,
  "training_duration": "3:10:03.930854",
  "training_start_epoch": 0,
  "training_epochs": 7,
  "epoch": 7,
  "training_em": 0.31788444521809767,
  "training_f1": 0.3635710866443264,
  "training_loss": 2.9920640128758103,
  "training_cpu_memory_MB": 9642.992,
  "training_gpu_0_memory_MB": 9105,
  "training_gpu_1_memory_MB": 2416,
  "validation_em": 0.32728607382550334,
  "validation_f1": 0.3572242030201345,
  "validation_loss": 1938123.1859460836,
  "best_validation_em": 0.32728607382550334,
  "best_validation_f1": 0.3572242030201345,
  "best_validation_loss": 1938123.1859460836
}