{
  "best_epoch": 22,
  "peak_cpu_memory_MB": 9643.312,
  "peak_gpu_0_memory_MB": 9109,
  "peak_gpu_1_memory_MB": 2416,
  "training_duration": "9:01:50.981799",
  "training_start_epoch": 0,
  "training_epochs": 22,
  "epoch": 22,
  "training_em": 0.4576642441649622,
  "training_f1": 0.5123589654322013,
  "training_loss": 2.1823079447802525,
  "training_cpu_memory_MB": 9643.312,
  "training_gpu_0_memory_MB": 9109,
  "training_gpu_1_memory_MB": 2416,
  "validation_em": 0.4316275167785235,
  "validation_f1": 0.46668204697986576,
  "validation_loss": 1937088.0711073596,
  "best_validation_em": 0.4316275167785235,
  "best_validation_f1": 0.46668204697986576,
  "best_validation_loss": 1937088.0711073596
}