{
  "best_epoch": 2,
  "peak_cpu_memory_MB": 9640.148,
  "peak_gpu_0_memory_MB": 8863,
  "peak_gpu_1_memory_MB": 2416,
  "training_duration": "1:12:49.174838",
  "training_start_epoch": 0,
  "training_epochs": 2,
  "epoch": 2,
  "training_em": 0.2240016246718018,
  "training_f1": 0.26449816499122597,
  "training_loss": 3.5856191794559926,
  "training_cpu_memory_MB": 9640.148,
  "training_gpu_0_memory_MB": 8863,
  "training_gpu_1_memory_MB": 2416,
  "validation_em": 0.24968540268456377,
  "validation_f1": 0.27664639261744967,
  "validation_loss": 1937088.7055242397,
  "best_validation_em": 0.24968540268456377,
  "best_validation_f1": 0.27664639261744967,
  "best_validation_loss": 1937088.7055242397
}