{
  "best_epoch": 14,
  "peak_cpu_memory_MB": 9643.236,
  "peak_gpu_0_memory_MB": 9109,
  "peak_gpu_1_memory_MB": 2416,
  "training_duration": "5:54:54.618336",
  "training_start_epoch": 0,
  "training_epochs": 14,
  "epoch": 14,
  "training_em": 0.39666652160668436,
  "training_f1": 0.44826232647199193,
  "training_loss": 2.5340109906077,
  "training_cpu_memory_MB": 9643.236,
  "training_gpu_0_memory_MB": 9109,
  "training_gpu_1_memory_MB": 2416,
  "validation_em": 0.3875838926174497,
  "validation_f1": 0.4208420721476513,
  "validation_loss": 1937088.1836839635,
  "best_validation_em": 0.3875838926174497,
  "best_validation_f1": 0.4208420721476513,
  "best_validation_loss": 1937088.1836839635
}