{
  "best_epoch": 26,
  "peak_cpu_memory_MB": 9643.312,
  "peak_gpu_0_memory_MB": 9109,
  "peak_gpu_1_memory_MB": 2416,
  "training_duration": "10:35:44.939727",
  "training_start_epoch": 0,
  "training_epochs": 26,
  "epoch": 26,
  "training_em": 0.4767541378359952,
  "training_f1": 0.5323649128914748,
  "training_loss": 2.0673534960933524,
  "training_cpu_memory_MB": 9643.312,
  "training_gpu_0_memory_MB": 9109,
  "training_gpu_1_memory_MB": 2416,
  "validation_em": 0.44578439597315433,
  "validation_f1": 0.4830715184563759,
  "validation_loss": 1938122.8482733523,
  "best_validation_em": 0.44578439597315433,
  "best_validation_f1": 0.4830715184563759,
  "best_validation_loss": 1938122.8482733523
}