{
  "best_epoch": 30,
  "peak_cpu_memory_MB": 9643.608,
  "peak_gpu_0_memory_MB": 9109,
  "peak_gpu_1_memory_MB": 2416,
  "training_duration": "12:10:10.875704",
  "training_start_epoch": 0,
  "training_epochs": 30,
  "epoch": 30,
  "training_em": 0.4930008558538956,
  "training_f1": 0.5499235533893191,
  "training_loss": 1.9814578607461688,
  "training_cpu_memory_MB": 9643.608,
  "training_gpu_0_memory_MB": 9109,
  "training_gpu_1_memory_MB": 2416,
  "validation_em": 0.45333473154362414,
  "validation_f1": 0.4887374161073827,
  "validation_loss": 1937088.0970026571,
  "best_validation_em": 0.45333473154362414,
  "best_validation_f1": 0.4887374161073827,
  "best_validation_loss": 1937088.0970026571
}