{
  "best_epoch": 24,
  "peak_cpu_memory_MB": 9643.312,
  "peak_gpu_0_memory_MB": 9109,
  "peak_gpu_1_memory_MB": 2416,
  "training_duration": "9:48:53.016201",
  "training_start_epoch": 0,
  "training_epochs": 24,
  "epoch": 24,
  "training_em": 0.46918200675979516,
  "training_f1": 0.5248117846729567,
  "training_loss": 2.1200398914242933,
  "training_cpu_memory_MB": 9643.312,
  "training_gpu_0_memory_MB": 9109,
  "training_gpu_1_memory_MB": 2416,
  "validation_em": 0.43833892617449666,
  "validation_f1": 0.4750293624161074,
  "validation_loss": 1938122.8494196942,
  "best_validation_em": 0.43833892617449666,
  "best_validation_f1": 0.4750293624161074,
  "best_validation_loss": 1938122.8494196942
}