{
  "best_epoch": 44,
  "peak_cpu_memory_MB": 9643.732,
  "peak_gpu_0_memory_MB": 9109,
  "peak_gpu_1_memory_MB": 2416,
  "training_duration": "18:25:21.747250",
  "training_start_epoch": 0,
  "training_epochs": 46,
  "epoch": 46,
  "training_em": 0.5323121110579224,
  "training_f1": 0.5890906189709374,
  "training_loss": 1.7599106974186451,
  "training_cpu_memory_MB": 9643.732,
  "training_gpu_0_memory_MB": 9109,
  "training_gpu_1_memory_MB": 2416,
  "validation_em": 0.4644505033557047,
  "validation_f1": 0.5001153523489938,
  "validation_loss": 1937088.209965196,
  "best_validation_em": 0.46413590604026844,
  "best_validation_f1": 0.5004928691275171,
  "best_validation_loss": 1938122.97794954
}