{
  "best_epoch": 39,
  "peak_cpu_memory_MB": 9643.732,
  "peak_gpu_0_memory_MB": 9109,
  "peak_gpu_1_memory_MB": 2416,
  "training_duration": "15:42:12.792061",
  "training_start_epoch": 0,
  "training_epochs": 39,
  "epoch": 39,
  "training_em": 0.5163700190028577,
  "training_f1": 0.5727757227613558,
  "training_loss": 1.851389154894222,
  "training_cpu_memory_MB": 9643.732,
  "training_gpu_0_memory_MB": 9109,
  "training_gpu_1_memory_MB": 2416,
  "validation_em": 0.45826342281879195,
  "validation_f1": 0.4944410654362416,
  "validation_loss": 1938122.9333089017,
  "best_validation_em": 0.45826342281879195,
  "best_validation_f1": 0.4944410654362416,
  "best_validation_loss": 1938122.9333089017
}