{
  "best_epoch": 10,
  "peak_cpu_memory_MB": 9643.08,
  "peak_gpu_0_memory_MB": 9109,
  "peak_gpu_1_memory_MB": 2416,
  "training_duration": "4:20:49.782930",
  "training_start_epoch": 0,
  "training_epochs": 10,
  "epoch": 10,
  "training_em": 0.3494640033653916,
  "training_f1": 0.39714333376850997,
  "training_loss": 2.8045678849865743,
  "training_cpu_memory_MB": 9643.08,
  "training_gpu_0_memory_MB": 9109,
  "training_gpu_1_memory_MB": 2416,
  "validation_em": 0.3442743288590604,
  "validation_f1": 0.37480809563758416,
  "validation_loss": 1938123.1199500635,
  "best_validation_em": 0.3442743288590604,
  "best_validation_f1": 0.37480809563758416,
  "best_validation_loss": 1938123.1199500635
}