{
  "best_epoch": 18,
  "peak_cpu_memory_MB": 9643.312,
  "peak_gpu_0_memory_MB": 9109,
  "peak_gpu_1_memory_MB": 2416,
  "training_duration": "7:28:24.945523",
  "training_start_epoch": 0,
  "training_epochs": 18,
  "epoch": 18,
  "training_em": 0.43676110071514573,
  "training_f1": 0.49090314344981006,
  "training_loss": 2.3106759781964152,
  "training_cpu_memory_MB": 9643.312,
  "training_gpu_0_memory_MB": 9109,
  "training_gpu_1_memory_MB": 2416,
  "validation_em": 0.41841442953020136,
  "validation_f1": 0.45343330536912746,
  "validation_loss": 1937088.0980539226,
  "best_validation_em": 0.41841442953020136,
  "best_validation_f1": 0.45343330536912746,
  "best_validation_loss": 1937088.0980539226
}