{
  "best_epoch": 12,
  "peak_cpu_memory_MB": 9643.08,
  "peak_gpu_0_memory_MB": 9109,
  "peak_gpu_1_memory_MB": 2416,
  "training_duration": "5:07:37.106583",
  "training_start_epoch": 0,
  "training_epochs": 12,
  "epoch": 12,
  "training_em": 0.3714260846860177,
  "training_f1": 0.42071398523288994,
  "training_loss": 2.6670085150292855,
  "training_cpu_memory_MB": 9643.08,
  "training_gpu_0_memory_MB": 9109,
  "training_gpu_1_memory_MB": 2416,
  "validation_em": 0.36021392617449666,
  "validation_f1": 0.3922913171140941,
  "validation_loss": 1940192.5820738866,
  "best_validation_em": 0.36021392617449666,
  "best_validation_f1": 0.3922913171140941,
  "best_validation_loss": 1940192.5820738866
}