{
  "best_epoch": 43,
  "peak_cpu_memory_MB": 9643.732,
  "peak_gpu_0_memory_MB": 9109,
  "peak_gpu_1_memory_MB": 2416,
  "training_duration": "17:15:41.556614",
  "training_start_epoch": 0,
  "training_epochs": 43,
  "epoch": 43,
  "training_em": 0.5258134238507622,
  "training_f1": 0.5830642470661569,
  "training_loss": 1.7875648707209435,
  "training_cpu_memory_MB": 9643.732,
  "training_gpu_0_memory_MB": 9109,
  "training_gpu_1_memory_MB": 2416,
  "validation_em": 0.4617239932885906,
  "validation_f1": 0.4976919043624163,
  "validation_loss": 1938122.9588536602,
  "best_validation_em": 0.4617239932885906,
  "best_validation_f1": 0.4976919043624163,
  "best_validation_loss": 1938122.9588536602
}