{
  "best_epoch": 44,
  "peak_cpu_memory_MB": 9643.732,
  "peak_gpu_0_memory_MB": 9109,
  "peak_gpu_1_memory_MB": 2416,
  "training_duration": "18:01:47.025473",
  "training_start_epoch": 0,
  "training_epochs": 45,
  "epoch": 45,
  "training_em": 0.5309485472242772,
  "training_f1": 0.588591467571834,
  "training_loss": 1.765604935967002,
  "training_cpu_memory_MB": 9643.732,
  "training_gpu_0_memory_MB": 9109,
  "training_gpu_1_memory_MB": 2416,
  "validation_em": 0.46308724832214765,
  "validation_f1": 0.5002695050335572,
  "validation_loss": 1937088.207982297,
  "best_validation_em": 0.46413590604026844,
  "best_validation_f1": 0.5004928691275171,
  "best_validation_loss": 1938122.97794954
}