{
  "best_epoch": 29,
  "peak_cpu_memory_MB": 9643.484,
  "peak_gpu_0_memory_MB": 9109,
  "peak_gpu_1_memory_MB": 2416,
  "training_duration": "11:46:28.560257",
  "training_start_epoch": 0,
  "training_epochs": 29,
  "epoch": 29,
  "training_em": 0.4890552243352626,
  "training_f1": 0.5455382450643286,
  "training_loss": 2.0017797261223955,
  "training_cpu_memory_MB": 9643.484,
  "training_gpu_0_memory_MB": 9109,
  "training_gpu_1_memory_MB": 2416,
  "validation_em": 0.4509228187919463,
  "validation_f1": 0.4869326761744967,
  "validation_loss": 1938122.850811771,
  "best_validation_em": 0.4509228187919463,
  "best_validation_f1": 0.4869326761744967,
  "best_validation_loss": 1938122.850811771
}