{
  "best_epoch": 6,
  "peak_cpu_memory_MB": 9642.992,
  "peak_gpu_0_memory_MB": 9105,
  "peak_gpu_1_memory_MB": 2416,
  "training_duration": "2:46:55.539998",
  "training_start_epoch": 0,
  "training_epochs": 6,
  "epoch": 6,
  "training_em": 0.30781728244629153,
  "training_f1": 0.3528385337336976,
  "training_loss": 3.06663713065299,
  "training_cpu_memory_MB": 9642.992,
  "training_gpu_0_memory_MB": 9105,
  "training_gpu_1_memory_MB": 2416,
  "validation_em": 0.3158557046979866,
  "validation_f1": 0.34556522651006705,
  "validation_loss": 1937088.4484301566,
  "best_validation_em": 0.3158557046979866,
  "best_validation_f1": 0.34556522651006705,
  "best_validation_loss": 1937088.4484301566
}