{
  "best_epoch": 44,
  "peak_cpu_memory_MB": 9643.732,
  "peak_gpu_0_memory_MB": 9109,
  "peak_gpu_1_memory_MB": 2416,
  "training_duration": "17:38:42.870250",
  "training_start_epoch": 0,
  "training_epochs": 44,
  "epoch": 44,
  "training_em": 0.5278877815976907,
  "training_f1": 0.5850051496293639,
  "training_loss": 1.778627354847937,
  "training_cpu_memory_MB": 9643.732,
  "training_gpu_0_memory_MB": 9109,
  "training_gpu_1_memory_MB": 2416,
  "validation_em": 0.46413590604026844,
  "validation_f1": 0.5004928691275171,
  "validation_loss": 1938122.97794954,
  "best_validation_em": 0.46413590604026844,
  "best_validation_f1": 0.5004928691275171,
  "best_validation_loss": 1938122.97794954
}