{
  "best_epoch": 0,
  "peak_cpu_memory_MB": 6978.64,
  "peak_gpu_0_memory_MB": 1124,
  "peak_gpu_1_memory_MB": 204,
  "training_duration": "0:25:12.731246",
  "training_start_epoch": 0,
  "training_epochs": 0,
  "epoch": 0,
  "training_em": 0.13348419571492812,
  "training_f1": 0.16583329706833966,
  "training_loss": 4.575787621630041,
  "training_cpu_memory_MB": 6978.64,
  "training_gpu_0_memory_MB": 1124,
  "training_gpu_1_memory_MB": 204,
  "validation_em": 0.1881291946308725,
  "validation_f1": 0.21746749161073797,
  "validation_loss": 1938123.9057898142,
  "best_validation_em": 0.1881291946308725,
  "best_validation_f1": 0.21746749161073797,
  "best_validation_loss": 1938123.9057898142
}