{
  "best_epoch": 17,
  "peak_cpu_memory_MB": 9643.312,
  "peak_gpu_0_memory_MB": 9109,
  "peak_gpu_1_memory_MB": 2416,
  "training_duration": "7:05:23.795825",
  "training_start_epoch": 0,
  "training_epochs": 17,
  "epoch": 17,
  "training_em": 0.42605567402120775,
  "training_f1": 0.47931067496409296,
  "training_loss": 2.3618957603497894,
  "training_cpu_memory_MB": 9643.312,
  "training_gpu_0_memory_MB": 9109,
  "training_gpu_1_memory_MB": 2416,
  "validation_em": 0.4132760067114094,
  "validation_f1": 0.44882969798657735,
  "validation_loss": 1937088.1007793278,
  "best_validation_em": 0.4132760067114094,
  "best_validation_f1": 0.44882969798657735,
  "best_validation_loss": 1937088.1007793278
}