{
  "best_epoch": 35,
  "peak_cpu_memory_MB": 9643.712,
  "peak_gpu_0_memory_MB": 9109,
  "peak_gpu_1_memory_MB": 2416,
  "training_duration": "14:08:12.256999",
  "training_start_epoch": 0,
  "training_epochs": 35,
  "epoch": 35,
  "training_em": 0.5070426621407952,
  "training_f1": 0.5633568330504598,
  "training_loss": 1.899632010842702,
  "training_cpu_memory_MB": 9643.712,
  "training_gpu_0_memory_MB": 9109,
  "training_gpu_1_memory_MB": 2416,
  "validation_em": 0.45574664429530204,
  "validation_f1": 0.491743917785235,
  "validation_loss": 1936053.3555345763,
  "best_validation_em": 0.45574664429530204,
  "best_validation_f1": 0.491743917785235,
  "best_validation_loss": 1936053.3555345763
}