{
  "best_epoch": 4,
  "peak_cpu_memory_MB": 9642.852,
  "peak_gpu_0_memory_MB": 9105,
  "peak_gpu_1_memory_MB": 2416,
  "training_duration": "1:59:24.691477",
  "training_start_epoch": 0,
  "training_epochs": 4,
  "epoch": 4,
  "training_em": 0.2736121386193191,
  "training_f1": 0.31605030680186297,
  "training_loss": 3.2790900373535314,
  "training_cpu_memory_MB": 9642.852,
  "training_gpu_0_memory_MB": 9105,
  "training_gpu_1_memory_MB": 2416,
  "validation_em": 0.2918414429530201,
  "validation_f1": 0.3203974412751679,
  "validation_loss": 1940192.8626887493,
  "best_validation_em": 0.2918414429530201,
  "best_validation_f1": 0.3203974412751679,
  "best_validation_loss": 1940192.8626887493
}