{
  "best_epoch": 3,
  "peak_cpu_memory_MB": 9642.852,
  "peak_gpu_0_memory_MB": 9105,
  "peak_gpu_1_memory_MB": 2416,
  "training_duration": "1:36:21.133978",
  "training_start_epoch": 0,
  "training_epochs": 3,
  "epoch": 3,
  "training_em": 0.2509392633854099,
  "training_f1": 0.2917708922639517,
  "training_loss": 3.4088124909834527,
  "training_cpu_memory_MB": 9642.852,
  "training_gpu_0_memory_MB": 9105,
  "training_gpu_1_memory_MB": 2416,
  "validation_em": 0.2762164429530201,
  "validation_f1": 0.3038139681208054,
  "validation_loss": 1936053.8531025008,
  "best_validation_em": 0.2762164429530201,
  "best_validation_f1": 0.3038139681208054,
  "best_validation_loss": 1936053.8531025008
}