{
  "best_epoch": 36,
  "peak_cpu_memory_MB": 9643.732,
  "peak_gpu_0_memory_MB": 9109,
  "peak_gpu_1_memory_MB": 2416,
  "training_duration": "15:18:34.853456",
  "training_start_epoch": 0,
  "training_epochs": 38,
  "epoch": 38,
  "training_em": 0.5167616809550749,
  "training_f1": 0.5730704846453946,
  "training_loss": 1.844883167512964,
  "training_cpu_memory_MB": 9643.732,
  "training_gpu_0_memory_MB": 9109,
  "training_gpu_1_memory_MB": 2416,
  "validation_em": 0.4556417785234899,
  "validation_f1": 0.491649538590604,
  "validation_loss": 1940192.4449559131,
  "best_validation_em": 0.45658557046979864,
  "best_validation_f1": 0.4927579697986576,
  "best_validation_loss": 1938122.903207466
}