{
  "best_epoch": 42,
  "peak_cpu_memory_MB": 9643.732,
  "peak_gpu_0_memory_MB": 9109,
  "peak_gpu_1_memory_MB": 2416,
  "training_duration": "16:51:55.358136",
  "training_start_epoch": 0,
  "training_epochs": 42,
  "epoch": 42,
  "training_em": 0.5253347259091634,
  "training_f1": 0.5819371310036643,
  "training_loss": 1.796838317257559,
  "training_cpu_memory_MB": 9643.732,
  "training_gpu_0_memory_MB": 9109,
  "training_gpu_1_memory_MB": 2416,
  "validation_em": 0.4601510067114094,
  "validation_f1": 0.49639471476510055,
  "validation_loss": 1938122.9566058822,
  "best_validation_em": 0.4601510067114094,
  "best_validation_f1": 0.49639471476510055,
  "best_validation_loss": 1938122.9566058822
}