{
  "best_epoch": 21,
  "peak_cpu_memory_MB": 9643.312,
  "peak_gpu_0_memory_MB": 9109,
  "peak_gpu_1_memory_MB": 2416,
  "training_duration": "8:38:11.100815",
  "training_start_epoch": 0,
  "training_epochs": 21,
  "epoch": 21,
  "training_em": 0.45405225060562543,
  "training_f1": 0.5089883516834149,
  "training_loss": 2.211899006395399,
  "training_cpu_memory_MB": 9643.312,
  "training_gpu_0_memory_MB": 9109,
  "training_gpu_1_memory_MB": 2416,
  "validation_em": 0.4286912751677852,
  "validation_f1": 0.4637971895973153,
  "validation_loss": 1939157.6071408857,
  "best_validation_em": 0.4286912751677852,
  "best_validation_f1": 0.4637971895973153,
  "best_validation_loss": 1939157.6071408857
}