{
  "best_epoch": 31,
  "peak_cpu_memory_MB": 9643.712,
  "peak_gpu_0_memory_MB": 9109,
  "peak_gpu_1_memory_MB": 2416,
  "training_duration": "13:21:18.495458",
  "training_start_epoch": 0,
  "training_epochs": 33,
  "epoch": 33,
  "training_em": 0.5010371788734642,
  "training_f1": 0.557598677052953,
  "training_loss": 2.0525951741388697,
  "training_cpu_memory_MB": 9643.712,
  "training_gpu_0_memory_MB": 9109,
  "training_gpu_1_memory_MB": 2416,
  "validation_em": 0.45281040268456374,
  "validation_f1": 0.48853292785234914,
  "validation_loss": 1938122.8793510024,
  "best_validation_em": 0.4541736577181208,
  "best_validation_f1": 0.48947776845637575,
  "best_validation_loss": 1939157.648661906
}