{
  "best_epoch": 31,
  "peak_cpu_memory_MB": 9643.712,
  "peak_gpu_0_memory_MB": 9109,
  "peak_gpu_1_memory_MB": 2416,
  "training_duration": "12:57:53.365505",
  "training_start_epoch": 0,
  "training_epochs": 32,
  "epoch": 32,
  "training_em": 0.49849862918316723,
  "training_f1": 0.5548799628646407,
  "training_loss": 1.9424167581353093,
  "training_cpu_memory_MB": 9643.712,
  "training_gpu_0_memory_MB": 9109,
  "training_gpu_1_memory_MB": 2416,
  "validation_em": 0.45249580536912754,
  "validation_f1": 0.4884500838926175,
  "validation_loss": 1937088.1245290625,
  "best_validation_em": 0.4541736577181208,
  "best_validation_f1": 0.48947776845637575,
  "best_validation_loss": 1939157.648661906
}