{
  "best_epoch": 9,
  "peak_cpu_memory_MB": 9102.12,
  "peak_gpu_0_memory_MB": 9419,
  "peak_gpu_1_memory_MB": 11,
  "training_duration": "13:05:25.997373",
  "training_start_epoch": 0,
  "training_epochs": 9,
  "epoch": 9,
  "training_em": 0.7359738531695281,
  "training_f1": 0.7759323851231779,
  "training_loss": 349429.70844432065,
  "training_cpu_memory_MB": 9102.12,
  "training_gpu_0_memory_MB": 9419,
  "training_gpu_1_memory_MB": 11,
  "validation_em": 0.6346476510067114,
  "validation_f1": 0.6688464765100669,
  "validation_loss": 570472.6083718167,
  "best_validation_em": 0.6346476510067114,
  "best_validation_f1": 0.6688464765100669,
  "best_validation_loss": 570472.6083718167
}