{
  "best_epoch": 9,
  "peak_cpu_memory_MB": 9102.12,
  "peak_gpu_0_memory_MB": 9419,
  "peak_gpu_1_memory_MB": 11,
  "training_duration": "17:02:19.243186",
  "training_start_epoch": 0,
  "training_epochs": 12,
  "epoch": 12,
  "training_em": 0.7708664367192445,
  "training_f1": 0.8079566975416322,
  "training_loss": 349429.540671581,
  "training_cpu_memory_MB": 9102.12,
  "training_gpu_0_memory_MB": 9419,
  "training_gpu_1_memory_MB": 11,
  "validation_em": 0.6273070469798657,
  "validation_f1": 0.6629981124161072,
  "validation_loss": 570473.2200777931,
  "best_validation_em": 0.6346476510067114,
  "best_validation_f1": 0.6688464765100669,
  "best_validation_loss": 570472.6083718167
}