{
  "best_epoch": 14,
  "peak_cpu_memory_MB": 9102.14,
  "peak_gpu_0_memory_MB": 9419,
  "peak_gpu_1_memory_MB": 11,
  "training_duration": "19:38:38.901022",
  "training_start_epoch": 0,
  "training_epochs": 14,
  "epoch": 14,
  "training_em": 0.7897143742975623,
  "training_f1": 0.8256679455877254,
  "training_loss": 349429.4473189834,
  "training_cpu_memory_MB": 9102.14,
  "training_gpu_0_memory_MB": 9419,
  "training_gpu_1_memory_MB": 11,
  "validation_em": 0.6358011744966443,
  "validation_f1": 0.6701520553691274,
  "validation_loss": 570473.382796435,
  "best_validation_em": 0.6358011744966443,
  "best_validation_f1": 0.6701520553691274,
  "best_validation_loss": 570473.382796435
}