{
  "best_epoch": 8,
  "peak_cpu_memory_MB": 9102.12,
  "peak_gpu_0_memory_MB": 9419,
  "peak_gpu_1_memory_MB": 11,
  "training_duration": "11:47:02.654674",
  "training_start_epoch": 0,
  "training_epochs": 8,
  "epoch": 8,
  "training_em": 0.721505251327365,
  "training_f1": 0.7624772313296914,
  "training_loss": 349429.7812830812,
  "training_cpu_memory_MB": 9102.12,
  "training_gpu_0_memory_MB": 9419,
  "training_gpu_1_memory_MB": 11,
  "validation_em": 0.6313968120805369,
  "validation_f1": 0.6666663171140947,
  "validation_loss": 570472.587658809,
  "best_validation_em": 0.6313968120805369,
  "best_validation_f1": 0.6666663171140947,
  "best_validation_loss": 570472.587658809
}