{
  "best_epoch": 9,
  "peak_cpu_memory_MB": 9102.12,
  "peak_gpu_0_memory_MB": 9419,
  "peak_gpu_1_memory_MB": 11,
  "training_duration": "14:24:27.352342",
  "training_start_epoch": 0,
  "training_epochs": 10,
  "epoch": 10,
  "training_em": 0.7492927179010193,
  "training_f1": 0.7884525055226161,
  "training_loss": 349429.63874724944,
  "training_cpu_memory_MB": 9102.12,
  "training_gpu_0_memory_MB": 9419,
  "training_gpu_1_memory_MB": 11,
  "validation_em": 0.6294043624161074,
  "validation_f1": 0.6653502516778527,
  "validation_loss": 570472.8806304708,
  "best_validation_em": 0.6346476510067114,
  "best_validation_f1": 0.6688464765100669,
  "best_validation_loss": 570472.6083718167
}