{
  "best_epoch": 2,
  "peak_cpu_memory_MB": 9101.476,
  "peak_gpu_0_memory_MB": 9419,
  "peak_gpu_1_memory_MB": 11,
  "training_duration": "3:53:21.087356",
  "training_start_epoch": 0,
  "training_epochs": 2,
  "epoch": 2,
  "training_em": 0.5481791522949527,
  "training_f1": 0.5973782118358298,
  "training_loss": 349430.7090277055,
  "training_cpu_memory_MB": 9101.476,
  "training_gpu_0_memory_MB": 9419,
  "training_gpu_1_memory_MB": 11,
  "validation_em": 0.6007760067114094,
  "validation_f1": 0.6388506711409397,
  "validation_loss": 570471.768817884,
  "best_validation_em": 0.6007760067114094,
  "best_validation_f1": 0.6388506711409397,
  "best_validation_loss": 570471.768817884
}