{
  "best_epoch": 14,
  "peak_cpu_memory_MB": 9102.14,
  "peak_gpu_0_memory_MB": 9419,
  "peak_gpu_1_memory_MB": 11,
  "training_duration": "23:36:09.792667",
  "training_start_epoch": 0,
  "training_epochs": 17,
  "epoch": 17,
  "training_em": 0.8098799881150771,
  "training_f1": 0.844562131018362,
  "training_loss": 349429.34923296294,
  "training_cpu_memory_MB": 9102.14,
  "training_gpu_0_memory_MB": 9419,
  "training_gpu_1_memory_MB": 11,
  "validation_em": 0.6332843959731543,
  "validation_f1": 0.6686744966442953,
  "validation_loss": 570473.5290611369,
  "best_validation_em": 0.6358011744966443,
  "best_validation_f1": 0.6701520553691274,
  "best_validation_loss": 570473.382796435
}