{
  "best_epoch": 14,
  "peak_cpu_memory_MB": 9102.14,
  "peak_gpu_0_memory_MB": 9419,
  "peak_gpu_1_memory_MB": 1164,
  "training_duration": "1 day, 0:56:05.109059",
  "training_start_epoch": 0,
  "training_epochs": 18,
  "epoch": 18,
  "training_em": 0.8160678990815021,
  "training_f1": 0.8498647444095709,
  "training_loss": 349429.31425610767,
  "training_cpu_memory_MB": 9102.14,
  "training_gpu_0_memory_MB": 9419,
  "training_gpu_1_memory_MB": 1164,
  "validation_em": 0.6297189597315436,
  "validation_f1": 0.664453649328859,
  "validation_loss": 570473.55446497,
  "best_validation_em": 0.6358011744966443,
  "best_validation_f1": 0.6701520553691274,
  "best_validation_loss": 570473.382796435
}