{
  "best_epoch": 3,
  "peak_cpu_memory_MB": 9101.836,
  "peak_gpu_0_memory_MB": 9419,
  "peak_gpu_1_memory_MB": 11,
  "training_duration": "5:12:11.086021",
  "training_start_epoch": 0,
  "training_epochs": 3,
  "epoch": 3,
  "training_em": 0.5951375163094731,
  "training_f1": 0.6433893991654693,
  "training_loss": 349430.4501450509,
  "training_cpu_memory_MB": 9101.836,
  "training_gpu_0_memory_MB": 9419,
  "training_gpu_1_memory_MB": 11,
  "validation_em": 0.6219588926174496,
  "validation_f1": 0.6575534815436241,
  "validation_loss": 570471.9041267439,
  "best_validation_em": 0.6219588926174496,
  "best_validation_f1": 0.6575534815436241,
  "best_validation_loss": 570471.9041267439
}